"sem","class","finalexam","coursepct","attend","fe.letter","co.letter"
"Sum25","math 1190",86.33333,93.47023636,97.99303,"B","A"
"Sum25","math 1190",61.33333,77.30400606,94.96273,"D","C"
"Sum25","math 1190",98.66667,98.92430303,100,"A","A"
"Sum25","math 1190",68,81.20081818,89.50818,"D","B"
"Sum25","math 1190",85.33333,83.53079697,100,"B","B"
"Sum25","math 1190",78.66667,78.83312121,79.29955,"C","C"
"Sum25","math 1190",102,100,100,"A","A"
"Sum25","math 1190",67,76.7925,82,"D","C"
"Sum25","math 1190",73,76.35249091,82.93591,"C","C"
"Sum25","math 1190",54,64.91649091,82.93591,"F","D"
"Sum25","math 1190",64.66667,69.07010303,63.63636,"D","D"
"Sum25","math 1190",31.33333,45.62009697,46.36364,"F","F"
"Sum25","math 1190",90.33333,90.05114242,94.75409,"A","A"
"Sum25","math 1190",75.33333,81.72330606,57.27273,"C","B"
"Sum25","math 1190",73.66667,82.96293939,94.96273,"C","B"
"Sum25","math 1190",75.33333,78.61356061,80.41727,"C","C"
"Sum25","math 1190",97.33333,93.4137697,100,"A","A"
"Sum25","math 1190",0,20.21129091,52.93591,"F","F"
"Sum25","math 1190",85.33333,81.41605152,55.66318,"B","B"
"Sum25","math 1190",87.66667,94.47684849,100,"B","A"
"Sum25","math 1190",67.33333,64.90474697,64.05364,"D","D"
"Sum25","math 1190",100.6667,98.03774849,100,"A","A"
"Sum25","math 1190",50.66667,65.80917222,69.40056,"F","D"
"Sum25","math 1190",72.66667,80.36942121,95.45455,"C","B"
"Sum25","math 1190",68.33333,74.49019697,74.05364,"D","C"
"Sum25","math 1190",67.33333,76.61269697,84.05364,"D","C"
"Sum25","math 1190",20.66667,45.42064849,62.02682,"F","F"
"Sum25","math 1190",94.33333,97.06242424,100,"A","A"
"Sum25","math 1190",64.66667,77.88604849,65.87182,"D","C"
"Sum25","math 1190",60.66667,67.15486667,63.845,"D","D"
"Sum25","math 1190",91.66667,93.60084849,100,"A","A"
"Sum25","math 1190",97.33333,100,100,"A","A"
"Sum25","math 1190",63.66667,68.34912121,59.29955,"D","D"
"Sum25","math 1190",97.33333,99.91101515,100,"A","A"
"Sum25","math 1190",59.66667,64.62215758,76.78091,"F","D"
"Sum25","math 1190",69.33333,79.2936697,93.63636,"D","C"
"Sum25","math 1190",101.3333,100,100,"A","A"
"Fall25","math 2202",94,82.02026316,100,"A","B"
"Fall25","math 2202",90,84.49381579,100,"A","B"
"Fall25","math 2202",50,66.325,97,"F","D"
"Fall25","math 2202",71,78.87937281,81.33333333,"C","C"
"Fall25","math 2202",66,80.21359211,100,"D","B"
"Fall25","math 2202",97,92.20547368,99,"A","A"
"Fall25","math 2202",82,87.46921053,100,"B","B"
"Fall25","math 2202",81,70.67125,99,"B","C"
"Fall25","math 2202",0,22.33947368,65,"F","F"
"Fall25","math 2202",81,89.99605263,100,"B","B"
"Fall25","math 2202",94,92.71201316,100,"A","A"
"Fall25","math 2202",47,57.59289474,97,"F","F"
"Fall25","math 2202",81,77.20305263,100,"B","C"
"Fall25","math 2202",99,89.25,100,"A","B"
"Fall25","math 2202",43,52.69763158,70,"F","F"
"Fall25","math 2202",90,88.4,100,"A","B"
"Fall25","math 2202",84,73.43658772,97.66666667,"B","C"
"Fall25","math 2202",78,72.64891667,86.66666667,"C","C"
"Fall25","math 2202",49,67.22218421,97,"F","D"
"Fall25","math 2202",102,85.65,100,"A","B"
"Fall25","math 2202",105,98.3,100,"A","A"
"Fall25","math 2202",0,31.40447368,50,"F","F"
"Fall25","math 2202",59,77.36394737,100,"F","C"
"Fall25","math 2202",105,100,100,"A","A"
"Fall25","math 2202",98,92.775,100,"A","A"
"Fall25","math 2202",99,90.99657895,100,"A","A"
"Fall25","math 2202",78,87.625,100,"C","B"
"Fall25","math 2202",72,77.90655702,97.33333333,"C","C"
"Fall25","math 2202",86,78.24657895,100,"B","C"
"Fall25","math 2202",70,68.57050439,97.33333333,"C","D"
"Fall25","math 2202",88,83.79184211,94,"B","B"
"Fall25","math 2202",63,60.92904386,86.33333333,"D","D"
"Fall25","math 2202",108,100,100,"A","A"
"Fall25","math 2202",56,57.0631579,99,"F","F"
"Fall25","math 2202",0,39.456,83,"F","F"
"Fall25","math 2202",81,82.38705263,99,"B","B"
"Fall25","math 2202",80,88.765,99,"B","B"
"Fall25","math 2202",92,92.92763158,100,"A","A"
"Fall25","math 2202",83,79.90177632,95,"B","C"
"Fall25","math 2202",108,90.90728947,100,"A","A"
"Fall25","math 2202",62,66.62947368,92,"D","D"
"Fall25","math 2202",85,75.86468421,60,"B","C"
"Fall25","math 2202",85,77.83428947,100,"B","C"
"Fall25","math 2202",80,82.9334386,99.33333333,"B","B"
"Fall25","math 2202",86,82.05,93,"B","B"
"Fall25","math 2202",66,54.68657895,88,"D","F"
"Fall25","math 2202",46,65.03385965,99.33333333,"F","D"
"Fall25","math 2202",76,82.88827632,100,"C","B"
"Fall25","math 2202",0,48.34605263,92,"F","F"
"Fall25","math 2202",0,34.3385,72,"F","F"
"Fall25","math 2202",87,88.54526316,99,"B","B"
"Fall25","math 2202",97,64.24578947,98,"A","D"
"Fall25","math 2202",82,70.10352632,58,"B","C"
"Fall25","math 2202",87,82.39375,99,"B","B"
"Fall25","math 2202",65,67.70552632,100,"D","D"
"Fall25","math 2202",101,94.525,100,"A","A"
"Fall25","math 2202",0,36.425,77,"F","F"
"Fall25","math 2202",61,72.82394737,99,"D","C"
"Fall25","math 2202",59,70.2946579,86,"F","C"
"Fall25","math 2202",92,85.20886842,100,"A","B"
"Fall25","math 2202",74,76.35928947,84,"C","C"
"Fall25","math 2202",94,88.1,100,"A","B"
"Fall25","math 2202",43,63.36598684,90,"F","D"
"Fall25","math 2202",34,53.15461842,79,"F","F"
"Fall25","math 2202",106,100,100,"A","A"
"Fall25","math 2202",47,65.53701316,85,"F","D"
"Fall25","math 2202",71,81.025,99,"C","B"
"Fall25","math 2202",84,83.89184211,100,"B","B"
"Fall25","math 2202",104,97.40842105,100,"A","A"
"Fall25","math 2202",78,72.32131579,94,"C","C"
"Fall25","math 2202",97,90.15,100,"A","A"
"Fall25","math 2202",51,58.25582895,82,"F","F"
"Fall25","math 2202",32,49.56144737,83,"F","F"
"Fall25","math 2202",61,70.56394737,92,"D","C"
"Fall25","math 2202",9,50.82814474,85,"F","F"
"Fall25","math 2202",66,67.57382895,56,"D","D"
"Fall25","math 2202",16,57.18447368,89,"F","F"
"Fall25","math 2202",87,88.87405263,98,"B","B"
"Fall25","math 2202",99,76.82394737,81,"A","C"
"Fall25","math 2202",84,86.825,96,"B","B"
"Fall25","math 2202",94,92.45,100,"A","A"
"Fall25","math 2202",72,72.64303947,100,"C","C"
"Fall25","math 2202",77,89.14447368,100,"C","B"
"Fall25","math 2202",82,75.53213158,92,"B","C"
"Fall25","math 2202",71,74.3,97,"C","C"
"Fall25","math 2202",66,78.02394737,98,"D","C"
"Fall25","math 2202",89,87.20710526,100,"B","B"
"Fall25","math 2202",93,87.71836257,98.88888889,"A","B"
"Fall25","math 2202",107,97.69453947,100,"A","A"
"Fall25","math 2202",99,96.2394079,100,"A","A"
"Fall25","math 2202",103,95.59394737,100,"A","A"
"Fall25","math 2202",49,66.41210526,100,"F","D"
"Fall25","math 2202",96,91.86301316,100,"A","A"
"Fall25","math 2202",99,90.45,99,"A","A"
"Fall25","math 2202",89,91.36743421,100,"B","A"
"Fall25","math 2202",100,98.485,100,"A","A"
"Fall25","math 2202",35,52.35928947,69,"F","F"
"Fall25","math 2202",103,93.85,100,"A","A"
"Fall25","math 2202",77,80.35293421,96,"C","B"
"Fall25","math 2202",103,100,100,"A","A"
"Spring26","chem 3361",NA,NA,80,NA,NA
"Spring26","chem 3361",NA,NA,95,NA,NA
"Spring26","chem 3361",NA,NA,80,NA,NA
"Spring26","chem 3361",NA,NA,100,NA,NA
"Spring26","chem 3361",NA,NA,80,NA,NA
"Spring26","chem 3361",NA,NA,80,NA,NA
"Spring26","chem 3361",NA,NA,80,NA,NA
"Spring26","chem 3361",NA,NA,95,NA,NA
"Spring26","chem 3361",NA,NA,100,NA,NA
"Spring26","chem 3361",NA,NA,95,NA,NA
"Spring26","chem 3361",NA,NA,95,NA,NA
"Spring26","chem 3361",NA,NA,0,NA,NA
"Spring26","chem 3361",NA,NA,0,NA,NA
"Spring26","chem 3361",NA,NA,95,NA,NA
"Spring26","chem 3361",NA,NA,65,NA,NA
"Spring26","chem 3361",NA,NA,50,NA,NA
"Spring26","chem 3361",NA,NA,80,NA,NA
"Spring26","chem 3361",NA,NA,95,NA,NA
"Spring26","chem 3361",NA,NA,65,NA,NA
"Spring26","chem 3361",NA,NA,95,NA,NA
"Spring26","chem 3361",NA,NA,50,NA,NA
"Spring26","chem 3361",NA,NA,65,NA,NA
"Spring26","chem 3361",NA,NA,80,NA,NA
"Spring26","chem 3361",NA,NA,80,NA,NA
"Spring26","chem 3361",NA,NA,80,NA,NA
"Spring26","chem 3361",NA,NA,100,NA,NA
"Spring26","chem 3361",NA,NA,80,NA,NA
"Spring26","chem 3361",NA,NA,80,NA,NA
"Spring26","chem 3361",NA,NA,50,NA,NA
"Spring26","chem 3361",NA,NA,65,NA,NA
"Spring26","chem 3361",NA,NA,80,NA,NA
"Spring26","chem 3361",NA,NA,95,NA,NA
"Spring26","chem 3361",NA,NA,80,NA,NA
"Spring26","chem 3361",NA,NA,65,NA,NA
"Spring26","chem 3361",NA,NA,0,NA,NA
"Spring26","chem 3361",NA,NA,80,NA,NA
"Spring26","chem 3361",NA,NA,95,NA,NA
"Spring26","chem 3361",NA,NA,95,NA,NA
"Spring26","chem 3361",NA,NA,80,NA,NA
"Spring26","chem 3361",NA,NA,80,NA,NA
"Spring26","chem 3361",NA,NA,95,NA,NA
"Spring26","chem 3361",NA,NA,80,NA,NA
"Spring26","chem 3361",NA,NA,95,NA,NA
"Spring26","chem 3361",NA,NA,65,NA,NA
"Spring26","chem 3361",NA,NA,95,NA,NA
"Spring26","chem 3361",NA,NA,80,NA,NA
"Spring26","chem 3361",NA,NA,80,NA,NA
"Spring26","chem 3361",NA,NA,65,NA,NA
"Spring26","chem 3361",NA,NA,80,NA,NA
"Spring26","chem 3361",NA,NA,80,NA,NA
"Spring26","chem 3361",NA,NA,80,NA,NA
"Spring26","chem 3361",NA,NA,100,NA,NA
"Spring26","chem 3361",NA,NA,50,NA,NA
"Spring26","chem 3361",NA,NA,95,NA,NA
"Spring26","chem 3361",NA,NA,100,NA,NA
"Spring26","chem 3361",NA,NA,80,NA,NA
"Spring26","chem 3361",NA,NA,95,NA,NA
"Spring26","chem 3361",NA,NA,0,NA,NA
"Spring26","chem 3361",NA,NA,95,NA,NA
"Spring26","chem 3361",NA,NA,95,NA,NA
"Spring24","chem 1211",0,7.81,31,"F","F"
"Spring24","chem 1211",0,8.13,7,"F","F"
"Spring24","chem 1211",0,11.41,13,"F","F"
"Spring24","chem 1211",0,18.12,100,"F","F"
"Spring24","chem 1211",0,27.08,81,"F","F"
"Spring24","chem 1211",0,38.79,63,"F","F"
"Spring24","chem 1211",28.33,46.43,63,"F","F"
"Spring24","chem 1211",33.33,50.43,94,"F","F"
"Spring24","chem 1211",55,57.45,20,"F","F"
"Spring24","chem 1211",33.33,58.08,100,"F","F"
"Spring24","chem 1211",36.67,59.8,100,"F","F"
"Spring24","chem 1211",40,61.29,94,"F","D"
"Spring24","chem 1211",46.67,62.08,88,"F","D"
"Spring24","chem 1211",36.67,62.31,100,"F","D"
"Spring24","chem 1211",50,62.76,67,"F","D"
"Spring24","chem 1211",33.33,63.83,100,"F","D"
"Spring24","chem 1211",41.67,64.57,100,"F","D"
"Spring24","chem 1211",48.33,65.04,88,"F","D"
"Spring24","chem 1211",28.33,65.34,100,"F","D"
"Spring24","chem 1211",43.33,66.54,100,"F","D"
"Spring24","chem 1211",48.33,67.07,85,"F","D"
"Spring24","chem 1211",36.67,67.44,100,"F","D"
"Spring24","chem 1211",43.33,68.41,88,"F","D"
"Spring24","chem 1211",46.67,69.24,88,"F","D"
"Spring24","chem 1211",45,69.48,94,"F","D"
"Spring24","chem 1211",65,69.5,88,"D","D"
"Spring24","chem 1211",45,70.54,100,"F","C"
"Spring24","chem 1211",43.33,71.14,69,"F","C"
"Spring24","chem 1211",38.33,72.34,100,"F","C"
"Spring24","chem 1211",50,74.11,100,"F","C"
"Spring24","chem 1211",46.67,74.22,100,"F","C"
"Spring24","chem 1211",61.67,74.73,88,"D","C"
"Spring24","chem 1211",46.67,76.33,100,"F","C"
"Spring24","chem 1211",53.33,77.81,100,"F","C"
"Spring24","chem 1211",50,78.13,100,"F","C"
"Spring24","chem 1211",51.67,78.57,100,"F","C"
"Spring24","chem 1211",60,78.63,100,"D","C"
"Spring24","chem 1211",65,79.99,88,"D","C"
"Spring24","chem 1211",60,80.6,88,"D","B"
"Spring24","chem 1211",61.67,80.66,100,"D","B"
"Spring24","chem 1211",66.67,81.35,75,"D","B"
"Spring24","chem 1211",68.33,81.77,100,"D","B"
"Spring24","chem 1211",61.67,81.99,81,"D","B"
"Spring24","chem 1211",63.33,82.11,63,"D","B"
"Spring24","chem 1211",60,82.32,100,"D","B"
"Spring24","chem 1211",63.33,82.49,94,"D","B"
"Spring24","chem 1211",76.67,82.83,87,"C","B"
"Spring24","chem 1211",75,83.26,100,"C","B"
"Spring24","chem 1211",68.33,84.48,93,"D","B"
"Spring24","chem 1211",63.33,84.84,100,"D","B"
"Spring24","chem 1211",75,85.05,100,"C","B"
"Spring24","chem 1211",66.67,85.68,100,"D","B"
"Spring24","chem 1211",61.67,86.2,100,"D","B"
"Spring24","chem 1211",70,87.06,88,"C","B"
"Spring24","chem 1211",76.67,88.44,88,"C","B"
"Spring24","chem 1211",80,89.31,100,"B","B"
"Spring24","chem 1211",71.67,89.95,100,"C","B"
"Spring24","chem 1211",83.33,92.05,100,"B","A"
"Spring24","chem 1211",81.67,92.9,100,"B","A"
"Spring24","chem 1211",73.33,93.89,100,"C","A"
"Spring24","chem 1211",85,95.24,100,"B","A"
"Spring24","chem 1211",86.67,96.12,100,"B","A"
"Spring24","chem 1211",93.33,96.37,56,"A","A"
"Spring24","chem 1211",88.33,97.2,100,"B","A"
"Spring24","chem 1211",91.67,98.02,100,"A","A"
"Spring24","chem 1211",95,100.11,100,"A","A"
"Spring25","chem 1211",NA,102.67,100,NA,"A"
"Spring25","chem 1211",NA,102.33,100,NA,"A"
"Spring25","chem 1211",NA,102,100,NA,"A"
"Spring25","chem 1211",NA,100.33,100,NA,"A"
"Spring25","chem 1211",NA,92.93,100,NA,"A"
"Spring25","chem 1211",NA,92.91,100,NA,"A"
"Spring25","chem 1211",NA,91.63,100,NA,"A"
"Spring25","chem 1211",NA,90.32,100,NA,"A"
"Spring25","chem 1211",NA,90.3,100,NA,"A"
"Spring25","chem 1211",NA,87.42,100,NA,"B"
"Spring25","chem 1211",NA,86.73,100,NA,"B"
"Spring25","chem 1211",NA,86.5,100,NA,"B"
"Spring25","chem 1211",NA,86.33,100,NA,"B"
"Spring25","chem 1211",NA,85.8,100,NA,"B"
"Spring25","chem 1211",NA,84.14,100,NA,"B"
"Spring25","chem 1211",NA,83.5,100,NA,"B"
"Spring25","chem 1211",NA,83.4,100,NA,"B"
"Spring25","chem 1211",NA,80.39,100,NA,"B"
"Spring25","chem 1211",NA,80.18,100,NA,"B"
"Spring25","chem 1211",NA,80.07,100,NA,"B"
"Spring25","chem 1211",NA,77.41,100,NA,"C"
"Spring25","chem 1211",NA,77.17,100,NA,"C"
"Spring25","chem 1211",NA,74.34,100,NA,"C"
"Spring25","chem 1211",NA,73.39,100,NA,"C"
"Spring25","chem 1211",NA,72.29,100,NA,"C"
"Spring25","chem 1211",NA,70.96,100,NA,"C"
"Spring25","chem 1211",NA,67.74,100,NA,"D"
"Spring25","chem 1211",NA,65.68,100,NA,"D"
"Spring25","chem 1211",NA,61.7,100,NA,"D"
"Spring25","chem 1211",NA,58.49,100,NA,"F"
"Spring25","chem 1211",NA,65.83,100,NA,"D"
"Spring25","chem 1211",NA,79.91,99,NA,"C"
"Spring25","chem 1211",NA,102.5,96,NA,"A"
"Spring25","chem 1211",NA,100.11,96,NA,"A"
"Spring25","chem 1211",NA,96.69,96,NA,"A"
"Spring25","chem 1211",NA,96.57,96,NA,"A"
"Spring25","chem 1211",NA,94.51,96,NA,"A"
"Spring25","chem 1211",NA,93.3,96,NA,"A"
"Spring25","chem 1211",NA,91.93,96,NA,"A"
"Spring25","chem 1211",NA,91.74,96,NA,"A"
"Spring25","chem 1211",NA,89.26,96,NA,"B"
"Spring25","chem 1211",NA,87.62,96,NA,"B"
"Spring25","chem 1211",NA,87.35,96,NA,"B"
"Spring25","chem 1211",NA,85.54,96,NA,"B"
"Spring25","chem 1211",NA,83.89,96,NA,"B"
"Spring25","chem 1211",NA,80.33,96,NA,"B"
"Spring25","chem 1211",NA,80.31,96,NA,"B"
"Spring25","chem 1211",NA,78.23,96,NA,"C"
"Spring25","chem 1211",NA,77.69,96,NA,"C"
"Spring25","chem 1211",NA,77.6,96,NA,"C"
"Spring25","chem 1211",NA,77.02,96,NA,"C"
"Spring25","chem 1211",NA,76.75,96,NA,"C"
"Spring25","chem 1211",NA,73.3,96,NA,"C"
"Spring25","chem 1211",NA,66.14,96,NA,"D"
"Spring25","chem 1211",NA,57.4,96,NA,"F"
"Spring25","chem 1211",NA,46.83,96,NA,"F"
"Spring25","chem 1211",NA,45.75,96,NA,"F"
"Spring25","chem 1211",NA,100.08,91,NA,"A"
"Spring25","chem 1211",NA,92.76,91,NA,"A"
"Spring25","chem 1211",NA,92.12,91,NA,"A"
"Spring25","chem 1211",NA,91.29,91,NA,"A"
"Spring25","chem 1211",NA,89.5,91,NA,"B"
"Spring25","chem 1211",NA,86.89,91,NA,"B"
"Spring25","chem 1211",NA,83.42,91,NA,"B"
"Spring25","chem 1211",NA,77.56,91,NA,"C"
"Spring25","chem 1211",NA,76.1,91,NA,"C"
"Spring25","chem 1211",NA,74.39,91,NA,"C"
"Spring25","chem 1211",NA,73.31,91,NA,"C"
"Spring25","chem 1211",NA,73.26,91,NA,"C"
"Spring25","chem 1211",NA,64.96,91,NA,"D"
"Spring25","chem 1211",NA,64.7,91,NA,"D"
"Spring25","chem 1211",NA,63.53,91,NA,"D"
"Spring25","chem 1211",NA,100,87,NA,"A"
"Spring25","chem 1211",NA,98.5,87,NA,"A"
"Spring25","chem 1211",NA,91.88,87,NA,"A"
"Spring25","chem 1211",NA,88.95,87,NA,"B"
"Spring25","chem 1211",NA,83.17,87,NA,"B"
"Spring25","chem 1211",NA,82.15,87,NA,"B"
"Spring25","chem 1211",NA,81.13,87,NA,"B"
"Spring25","chem 1211",NA,77.52,87,NA,"C"
"Spring25","chem 1211",NA,77.36,87,NA,"C"
"Spring25","chem 1211",NA,75.58,87,NA,"C"
"Spring25","chem 1211",NA,73.3,87,NA,"C"
"Spring25","chem 1211",NA,72.39,87,NA,"C"
"Spring25","chem 1211",NA,70.55,87,NA,"C"
"Spring25","chem 1211",NA,62.46,87,NA,"D"
"Spring25","chem 1211",NA,62.33,87,NA,"D"
"Spring25","chem 1211",NA,96.63,83,NA,"A"
"Spring25","chem 1211",NA,96.35,83,NA,"A"
"Spring25","chem 1211",NA,89.68,83,NA,"B"
"Spring25","chem 1211",NA,86.04,83,NA,"B"
"Spring25","chem 1211",NA,81.68,83,NA,"B"
"Spring25","chem 1211",NA,77.56,83,NA,"C"
"Spring25","chem 1211",NA,77.37,83,NA,"C"
"Spring25","chem 1211",NA,73.13,83,NA,"C"
"Spring25","chem 1211",NA,71.81,83,NA,"C"
"Spring25","chem 1211",NA,70.65,83,NA,"C"
"Spring25","chem 1211",NA,63.03,83,NA,"D"
"Spring25","chem 1211",NA,62.81,83,NA,"D"
"Spring25","chem 1211",NA,62.34,83,NA,"D"
"Spring25","chem 1211",NA,61.73,83,NA,"D"
"Spring25","chem 1211",NA,54.99,83,NA,"F"
"Spring25","chem 1211",NA,100.33,78,NA,"A"
"Spring25","chem 1211",NA,99.08,78,NA,"A"
"Spring25","chem 1211",NA,97.37,78,NA,"A"
"Spring25","chem 1211",NA,88.93,78,NA,"B"
"Spring25","chem 1211",NA,88,78,NA,"B"
"Spring25","chem 1211",NA,87.25,78,NA,"B"
"Spring25","chem 1211",NA,81.79,78,NA,"B"
"Spring25","chem 1211",NA,76.74,78,NA,"C"
"Spring25","chem 1211",NA,72.71,78,NA,"C"
"Spring25","chem 1211",NA,65.06,78,NA,"D"
"Spring25","chem 1211",NA,62.46,78,NA,"D"
"Spring25","chem 1211",NA,98.26,74,NA,"A"
"Spring25","chem 1211",NA,97.63,74,NA,"A"
"Spring25","chem 1211",NA,74.53,74,NA,"C"
"Spring25","chem 1211",NA,72.22,74,NA,"C"
"Spring25","chem 1211",NA,70.24,74,NA,"C"
"Spring25","chem 1211",NA,69.97,74,NA,"D"
"Spring25","chem 1211",NA,67.34,74,NA,"D"
"Spring25","chem 1211",NA,65.38,74,NA,"D"
"Spring25","chem 1211",NA,64.65,74,NA,"D"
"Spring25","chem 1211",NA,60.81,74,NA,"D"
"Spring25","chem 1211",NA,40.85,74,NA,"F"
"Spring25","chem 1211",NA,98,70,NA,"A"
"Spring25","chem 1211",NA,82.83,70,NA,"B"
"Spring25","chem 1211",NA,82.79,70,NA,"B"
"Spring25","chem 1211",NA,82.59,70,NA,"B"
"Spring25","chem 1211",NA,81.02,70,NA,"B"
"Spring25","chem 1211",NA,75.81,70,NA,"C"
"Spring25","chem 1211",NA,49.46,70,NA,"F"
"Spring25","chem 1211",NA,37.35,70,NA,"F"
"Spring25","chem 1211",NA,93.46,65,NA,"A"
"Spring25","chem 1211",NA,86.92,65,NA,"B"
"Spring25","chem 1211",NA,85.66,65,NA,"B"
"Spring25","chem 1211",NA,57.39,65,NA,"F"
"Spring25","chem 1211",NA,50.98,65,NA,"F"
"Spring25","chem 1211",NA,37.53,65,NA,"F"
"Spring25","chem 1211",NA,87.44,61,NA,"B"
"Spring25","chem 1211",NA,71.71,61,NA,"C"
"Spring25","chem 1211",NA,67.85,61,NA,"D"
"Spring25","chem 1211",NA,64.81,61,NA,"D"
"Spring25","chem 1211",NA,82.97,57,NA,"B"
"Spring25","chem 1211",NA,78.52,57,NA,"C"
"Spring25","chem 1211",NA,54.01,57,NA,"F"
"Spring25","chem 1211",NA,68.18,52,NA,"D"
"Spring25","chem 1211",NA,63.21,48,NA,"D"
"Spring25","chem 1211",NA,74.5,43,NA,"C"
"Spring25","chem 1211",NA,27.75,43,NA,"F"
"Spring25","chem 1211",NA,21.41,43,NA,"F"
"Spring25","chem 1211",NA,45.5,39,NA,"F"
"Spring25","chem 1211",NA,92.27,35,NA,"A"
"Spring25","chem 1211",NA,80.07,35,NA,"B"
"Spring25","chem 1211",NA,73.84,35,NA,"C"
"Spring25","chem 1211",NA,20.49,35,NA,"F"
"Spring25","chem 1211",NA,77.16,30,NA,"C"
"Spring25","chem 1211",NA,16.09,30,NA,"F"
"Spring25","chem 1211",NA,29.96,26,NA,"F"
"Spring25","chem 1211",NA,19.09,17,NA,"F"
"Spring25","chem 1211",NA,17.81,17,NA,"F"
"Spring25","chem 1211",NA,48.04,13,NA,"F"
"Spring25","chem 1211",NA,39.81,13,NA,"F"
"Spring26","biol 1107",0,NA,54,"F",NA
"Spring26","biol 1107",88.64,NA,62,"B",NA
"Spring26","biol 1107",88.89,NA,72,"B",NA
"Spring26","biol 1107",86.67,NA,100,"B",NA
"Spring26","biol 1107",82.22,NA,100,"B",NA
"Spring26","biol 1107",86.67,NA,100,"B",NA
"Spring26","biol 1107",77.53,NA,76,"C",NA
"Spring26","biol 1107",81.98,NA,78,"B",NA
"Spring26","biol 1107",86.67,NA,92,"B",NA
"Spring26","biol 1107",0,NA,24,"F",NA
"Spring26","biol 1107",0,NA,4,"F",NA
"Spring26","biol 1107",92.59,NA,94,"A",NA
"Spring26","biol 1107",82.22,NA,96,"B",NA
"Spring26","biol 1107",84.44,NA,74,"B",NA
"Spring26","biol 1107",83.95,NA,88,"B",NA
"Spring26","biol 1107",77.78,NA,58,"C",NA
"Spring26","biol 1107",76.64,NA,98,"C",NA
"Spring26","biol 1107",75.31,NA,96,"C",NA
"Spring26","biol 1107",82.22,NA,84,"B",NA
"Spring26","biol 1107",84.44,NA,100,"B",NA
"Spring26","biol 1107",91.11,NA,94,"A",NA
"Spring26","biol 1107",84.4,NA,52,"B",NA
"Spring26","biol 1107",86.17,NA,64,"B",NA
"Spring26","biol 1107",0,NA,58,"F",NA
"Spring26","biol 1107",79.75,NA,90,"C",NA
"Spring26","biol 1107",86.42,NA,54,"B",NA
"Spring26","biol 1107",80,NA,66,"B",NA
"Spring26","biol 1107",95.56,NA,96,"A",NA
"Spring26","biol 1107",84.2,NA,42,"B",NA
"Spring26","biol 1107",0,NA,14,"F",NA
"Spring26","biol 1107",91.11,NA,60,"A",NA
"Spring26","biol 1107",77.53,NA,100,"C",NA
"Spring26","biol 1107",84.44,NA,82,"B",NA
"Spring26","biol 1107",91.11,NA,82,"A",NA
"Spring26","biol 1107",88.89,NA,84,"B",NA
"Spring26","biol 1107",91.11,NA,86,"A",NA
"Spring26","biol 1107",76,NA,88,"C",NA
"Spring26","biol 1107",86.67,NA,66,"B",NA
"Spring26","biol 1107",88.89,NA,58,"B",NA
"Spring26","biol 1107",88.89,NA,48,"B",NA
"Spring26","biol 1107",88.89,NA,94,"B",NA
"Spring26","biol 1107",86.05,NA,76,"B",NA
"Spring26","biol 1107",88.89,NA,44,"B",NA
"Spring26","biol 1107",93.33,NA,78,"A",NA
"Spring26","biol 1107",97.53,NA,98,"A",NA
"Spring26","biol 1107",95.56,NA,80,"A",NA
"Spring26","biol 1107",93.33,NA,100,"A",NA
"Spring26","biol 1107",86.17,NA,62,"B",NA
"Spring26","biol 1107",93.33,NA,100,"A",NA
"Spring26","biol 1107",64.44,NA,88,"D",NA
"Spring26","biol 1107",95.56,NA,58,"A",NA
"Spring26","biol 1107",95.06,NA,68,"A",NA
"Spring26","biol 1107",93.33,NA,84,"A",NA
"Spring26","biol 1107",91.11,NA,98,"A",NA
"Spring26","biol 1107",77.53,NA,58,"C",NA
"Spring26","biol 1107",80,NA,96,"B",NA
"Spring26","biol 1107",84.44,NA,68,"B",NA
"Spring26","biol 1107",95.56,NA,98,"A",NA
"Spring26","biol 1107",88.89,NA,52,"B",NA
"Spring26","biol 1107",83.95,NA,62,"B",NA
"Spring26","biol 1107",82.96,NA,80,"B",NA
"Spring26","biol 1107",84.89,NA,96,"B",NA
"Spring26","biol 1107",93.33,NA,34,"A",NA
"Spring26","biol 1107",93.09,NA,70,"A",NA
"Spring26","biol 1107",95.56,NA,58,"A",NA
"Spring26","biol 1107",100,NA,82,"A",NA
"Spring26","biol 1107",84.44,NA,84,"B",NA
"Spring26","biol 1107",77.53,NA,80,"C",NA
"Spring26","biol 1107",93.33,NA,24,"A",NA
"Spring26","biol 1107",84.44,NA,100,"B",NA
"Spring26","biol 1107",93.09,NA,84,"A",NA
"Spring26","biol 1107",86.42,NA,96,"B",NA
"Spring26","biol 1107",88.89,NA,44,"B",NA
"Spring26","biol 1107",95.31,NA,100,"A",NA
"Spring26","biol 1107",84.07,NA,40,"B",NA
"Spring26","biol 1107",0,NA,28,"F",NA
"Spring26","biol 1107",86.67,NA,68,"B",NA
"Spring26","biol 1107",91.11,NA,26,"A",NA
"Spring26","biol 1107",93.33,NA,94,"A",NA
"Spring26","biol 1107",88.89,NA,96,"B",NA
"Spring26","biol 1107",82.22,NA,86,"B",NA
"Spring26","biol 1107",88.64,NA,30,"B",NA
"Spring26","biol 1107",93.33,NA,54,"A",NA
"Spring26","biol 1107",86.67,NA,94,"B",NA
"Spring26","biol 1107",88.89,NA,26,"B",NA
"Spring26","biol 1107",93.33,NA,80,"A",NA
"Spring26","biol 1107",91.11,NA,88,"A",NA
"Spring26","biol 1107",75.56,NA,58,"C",NA
"Spring26","biol 1107",79.56,NA,52,"C",NA
"Spring26","biol 1107",73.33,NA,100,"C",NA
"Spring26","biol 1107",91.11,NA,96,"A",NA
"Spring26","biol 1107",84.44,NA,70,"B",NA
"Spring26","biol 1107",88.89,NA,64,"B",NA
"Spring26","biol 1107",80,NA,100,"B",NA
"Spring26","biol 1107",99.75,NA,74,"A",NA
"Spring26","biol 1107",97.53,NA,96,"A",NA
"Spring26","biol 1107",88.52,NA,96,"B",NA
"Spring26","biol 1107",86.42,NA,88,"B",NA
"Spring26","biol 1107",91.11,NA,70,"A",NA
"Spring26","biol 1107",75.56,NA,94,"C",NA
"Spring26","biol 1107",84.44,NA,100,"B",NA
"Spring26","biol 1107",84.44,NA,94,"B",NA
"Spring26","biol 1107",86.67,NA,100,"B",NA
"Spring26","biol 1107",95.56,NA,96,"A",NA
"Spring26","biol 1107",86.67,NA,86,"B",NA
"Spring26","biol 1107",93.09,NA,44,"A",NA
"Spring26","biol 1107",91.11,NA,66,"A",NA
"Spring26","biol 1107",92.84,NA,94,"A",NA
"Spring26","biol 1107",81.98,NA,20,"B",NA
"Spring26","biol 1107",81.98,NA,18,"B",NA
"Spring26","biol 1107",86.42,NA,62,"B",NA
"Spring26","biol 1107",90.86,NA,100,"A",NA
"Spring26","biol 1107",81.73,NA,100,"B",NA
"Spring26","biol 1107",97.78,NA,38,"A",NA
"Spring26","biol 1107",93.33,NA,100,"A",NA
"Spring26","biol 1107",86.67,NA,82,"B",NA
"Spring26","biol 1107",66.42,NA,68,"D",NA
"Spring26","biol 1107",90.86,NA,96,"A",NA
"Spring26","biol 1107",93.09,NA,87.6,"A",NA
"Spring26","biol 1107",97.53,NA,100,"A",NA
"Spring26","biol 1107",88.89,NA,100,"B",NA
"Spring26","biol 1107",88.89,NA,88,"B",NA
"Spring26","biol 1107",95.56,NA,100,"A",NA
"Spring26","biol 1107",93.33,NA,76,"A",NA
"Spring26","biol 1107",93.33,NA,34,"A",NA
"Spring26","biol 1107",86.67,NA,100,"B",NA
"Spring26","biol 1107",84.2,NA,70,"B",NA
"Spring26","biol 1107",91.11,NA,100,"A",NA
"Spring26","biol 1107",80,NA,100,"B",NA
"Spring26","biol 1107",84.2,NA,58,"B",NA
"Spring26","biol 1107",74.86,NA,98,"C",NA
"Spring26","biol 1107",95.56,NA,90,"A",NA
"Spring26","biol 1107",65.43,NA,98,"D",NA
"Spring26","biol 1107",88.89,NA,74,"B",NA
"Spring26","biol 3300",NA,73.95478669,50,NA,"C"
"Spring26","biol 3300",NA,88.20656993,100,NA,"B"
"Spring26","biol 3300",NA,65.25362667,50,NA,"D"
"Spring26","biol 3300",NA,61.14313652,65,NA,"D"
"Spring26","biol 3300",NA,70.99195997,75,NA,"C"
"Spring26","biol 3300",NA,62.23592855,85,NA,"D"
"Spring26","biol 3300",NA,74.44335287,65,NA,"C"
"Spring26","biol 3300",NA,86.89214448,95,NA,"B"
"Spring26","biol 3300",NA,65.09031876,80,NA,"D"
"Spring26","biol 3300",NA,89.59011682,80,NA,"B"
"Spring26","biol 3300",NA,81.21561113,75,NA,"B"
"Spring26","biol 3300",NA,96.18419969,100,NA,"A"
"Spring26","biol 3300",NA,69.35621369,15,NA,"D"
"Spring26","biol 3300",NA,70.83657518,70,NA,"C"
"Spring26","biol 3300",NA,77.89643008,100,NA,"C"
"Spring26","biol 3300",NA,82.91875974,90,NA,"B"
"Spring26","biol 3300",NA,71.09588924,85,NA,"C"
"Spring26","biol 3300",NA,78.22879663,65,NA,"C"
"Spring26","biol 3300",NA,71.0073824,80,NA,"C"
"Spring26","biol 3300",NA,89.25693406,50,NA,"B"
"Spring26","biol 3300",NA,41.47665415,50,NA,"F"
"Spring26","biol 3300",NA,71.44759426,35,NA,"C"
"Spring26","biol 3300",NA,57.7626525,100,NA,"F"
"Spring26","biol 3300",NA,69.62692316,95,NA,"D"
"Spring26","biol 3300",NA,66.94807308,65,NA,"D"
"Spring26","biol 3300",NA,67.37487818,65,NA,"D"
"Spring26","biol 3300",NA,69.74678567,80,NA,"D"
"Spring26","biol 3300",NA,58.97666521,85,NA,"F"
"Spring26","biol 3300",NA,88.6180181,75,NA,"B"
"Spring26","biol 3300",NA,69.29213069,10,NA,"D"
"Spring26","biol 3300",NA,77.59973578,65,NA,"C"
"Spring26","biol 3300",NA,80.57872865,30,NA,"B"
"Spring26","biol 3300",NA,66.49367407,45,NA,"D"
"Spring26","biol 3300",NA,46.50894062,10,NA,"F"
"Spring26","biol 3300",NA,76.59527324,75,NA,"C"
"Spring26","biol 3300",NA,59.6314689,75,NA,"F"
"Spring26","biol 3300",NA,78.63430843,100,NA,"C"
"Spring26","biol 3300",NA,77.34183061,100,NA,"C"
"Spring26","biol 3300",NA,68.81733258,20,NA,"D"
"Spring26","biol 3300",NA,78.45551683,65,NA,"C"
"Spring26","biol 3300",NA,82.60957447,85,NA,"B"
"Spring26","biol 3300",NA,87.86999579,100,NA,"B"
"Spring26","biol 3300",NA,49.15654899,0,NA,"F"
"Spring26","biol 3300",NA,88.65394602,85,NA,"B"
"Spring26","biol 3300",NA,81.56425182,5,NA,"B"
"Spring26","biol 3300",NA,60.3682138,20,NA,"D"
"Spring26","biol 3300",NA,58.0476024,75,NA,"F"
"Spring26","biol 3300",NA,69.24024199,65,NA,"D"
"Spring26","biol 3300",NA,79.68905862,35,NA,"C"
"Spring26","biol 3300",NA,99.30729167,100,NA,"A"
"Spring26","biol 3300",NA,78.55208231,50,NA,"C"
"Spring26","biol 3300",NA,22.86099629,25,NA,"F"
"Spring26","biol 3300",NA,73.2771225,90,NA,"C"
"Spring26","biol 3300",NA,69.15431169,90,NA,"D"
"Spring26","biol 3300",NA,69.44173094,50,NA,"D"
"Spring26","biol 3300",NA,100,95,NA,"A"
"Spring26","biol 3300",NA,86.55694643,75,NA,"B"
"Spring26","biol 3300",NA,92.1392149,95,NA,"A"
"Spring26","biol 3300",NA,80.05601808,45,NA,"B"
"Spring26","biol 3300",NA,80.80548083,90,NA,"B"
"Spring26","biol 3300",NA,81.13583283,80,NA,"B"
"Spring26","biol 3300",NA,77.53883343,30,NA,"C"
"Spring26","biol 3300",NA,77.57081159,15,NA,"C"
"Spring26","biol 3300",NA,64.49397716,80,NA,"D"
"Spring26","biol 3300",NA,80.28570141,95,NA,"B"
"Spring26","biol 3300",NA,79.04816291,100,NA,"C"
"Spring26","biol 3300",NA,85.48344679,60,NA,"B"
"Spring26","biol 3300",NA,16.9107906,35,NA,"F"
"Spring26","biol 3300",NA,92.50265618,100,NA,"A"
"Spring26","biol 3300",NA,70.53316887,85,NA,"C"
"Spring26","biol 3300",NA,82.30463161,70,NA,"B"
"Spring26","biol 3300",NA,89.79633345,100,NA,"B"
"Spring26","biol 3300",NA,87.14783654,100,NA,"B"
"Spring26","biol 3300",NA,92.914445,90,NA,"A"
"Spring26","biol 3300",NA,86.38097597,90,NA,"B"
"Spring26","biol 3300",NA,75.68365341,80,NA,"C"
"Spring26","biol 3300",NA,78.19440121,60,NA,"C"
"Spring26","biol 3300",NA,79.17144072,100,NA,"C"
"Spring26","biol 3300",NA,71.76929158,70,NA,"C"
"Spring26","biol 3300",NA,72.90080759,95,NA,"C"
"Spring26","biol 3300",NA,89.25575902,70,NA,"B"
"Spring26","biol 3300",NA,95.0554396,70,NA,"A"
"Spring26","biol 3300",NA,77.52739257,70,NA,"C"
"Spring26","biol 3300",NA,93.3340609,75,NA,"A"
"Spring26","biol 3300",NA,73.63492038,75,NA,"C"
"Spring26","biol 3300",NA,64.33363973,80,NA,"D"
"Spring26","biol 3300",NA,59.01113804,65,NA,"F"
"Spring26","biol 3300",NA,66.09907056,40,NA,"D"
"Spring26","biol 3300",NA,60.96005571,20,NA,"D"
"Spring26","biol 3300",NA,84.16994357,65,NA,"B"
"Spring26","biol 3300",NA,79.72855539,75,NA,"C"
"Spring26","biol 3300",NA,83.32777852,90,NA,"B"
"Spring26","biol 3300",NA,77.58576698,90,NA,"C"
"Spring26","biol 3300",NA,80.78186863,85,NA,"B"
"Spring26","biol 3300",NA,61.04898078,90,NA,"D"
"Spring26","biol 3300",NA,80.54710061,75,NA,"B"
"Spring26","biol 3300",NA,64.92219935,50,NA,"D"
"Spring26","biol 3300",NA,93.52540591,75,NA,"A"
"Spring26","biol 3300",NA,93.89573845,100,NA,"A"
"Spring26","biol 3300",NA,97.69407895,75,NA,"A"
"Spring26","biol 3300",NA,88.59671627,75,NA,"B"
"Spring26","biol 3300",NA,64.58947927,30,NA,"D"
"Spring26","biol 3300",NA,65.59459461,40,NA,"D"
"Spring26","biol 3300",NA,83.77765728,80,NA,"B"
"Spring26","biol 3300",NA,56.43083485,45,NA,"F"
