sem,class,final,grade,letter,part
Sum25,math 1190,86.33333,93.47023636,NA,97.99303
Sum25,math 1190,61.33333,77.30400606,NA,94.96273
Sum25,math 1190,98.66667,98.92430303,NA,101.3264
Sum25,math 1190,68,81.20081818,NA,89.50818
Sum25,math 1190,85.33333,83.53079697,NA,100.2086
Sum25,math 1190,78.66667,78.83312121,NA,79.29955
Sum25,math 1190,102,100,NA,107.69
Sum25,math 1190,67,76.7925,NA,82
Sum25,math 1190,73,76.35249091,NA,82.93591
Sum25,math 1190,54,64.91649091,NA,82.93591
Sum25,math 1190,64.66667,69.07010303,NA,63.63636
Sum25,math 1190,31.33333,45.62009697,NA,46.36364
Sum25,math 1190,90.33333,90.05114242,NA,94.75409
Sum25,math 1190,75.33333,81.72330606,NA,57.27273
Sum25,math 1190,73.66667,82.96293939,NA,94.96273
Sum25,math 1190,75.33333,78.61356061,NA,80.41727
Sum25,math 1190,97.33333,93.4137697,NA,101.3264
Sum25,math 1190,0,20.21129091,NA,52.93591
Sum25,math 1190,85.33333,81.41605152,NA,55.66318
Sum25,math 1190,87.66667,94.47684849,NA,105.8718
Sum25,math 1190,67.33333,64.90474697,NA,64.05364
Sum25,math 1190,100.6667,98.03774849,NA,105.8718
Sum25,math 1190,50.66667,65.80917222,NA,69.40056
Sum25,math 1190,72.66667,80.36942121,NA,95.45455
Sum25,math 1190,68.33333,74.49019697,NA,74.05364
Sum25,math 1190,67.33333,76.61269697,NA,84.05364
Sum25,math 1190,20.66667,45.42064849,NA,62.02682
Sum25,math 1190,94.33333,97.06242424,NA,106.7809
Sum25,math 1190,64.66667,77.88604849,NA,65.87182
Sum25,math 1190,60.66667,67.15486667,NA,63.845
Sum25,math 1190,91.66667,93.60084849,NA,105.8718
Sum25,math 1190,97.33333,100,NA,107.69
Sum25,math 1190,63.66667,68.34912121,NA,59.29955
Sum25,math 1190,97.33333,99.91101515,NA,102.0268
Sum25,math 1190,59.66667,64.62215758,NA,76.78091
Sum25,math 1190,69.33333,79.2936697,NA,93.63636
Sum25,math 1190,101.3333,100,NA,107.69
Fall25,math 2202,94,82.02026316,NA,100
Fall25,math 2202,90,84.49381579,NA,100
Fall25,math 2202,50,66.325,NA,97
Fall25,math 2202,71,78.87937281,NA,81.33333333
Fall25,math 2202,66,80.21359211,NA,100
Fall25,math 2202,97,92.20547368,NA,99
Fall25,math 2202,82,87.46921053,NA,100
Fall25,math 2202,81,70.67125,NA,99
Fall25,math 2202,0,22.33947368,NA,65
Fall25,math 2202,81,89.99605263,NA,100
Fall25,math 2202,94,92.71201316,NA,100
Fall25,math 2202,47,57.59289474,NA,97
Fall25,math 2202,81,77.20305263,NA,100
Fall25,math 2202,99,89.25,NA,100
Fall25,math 2202,43,52.69763158,NA,70
Fall25,math 2202,90,88.4,NA,100
Fall25,math 2202,84,73.43658772,NA,97.66666667
Fall25,math 2202,78,72.64891667,NA,86.66666667
Fall25,math 2202,49,67.22218421,NA,97
Fall25,math 2202,102,85.65,NA,100
Fall25,math 2202,105,98.3,NA,100
Fall25,math 2202,0,31.40447368,NA,50
Fall25,math 2202,59,77.36394737,NA,100
Fall25,math 2202,105,100,NA,100
Fall25,math 2202,98,92.775,NA,100
Fall25,math 2202,99,90.99657895,NA,100
Fall25,math 2202,78,87.625,NA,100
Fall25,math 2202,72,77.90655702,NA,97.33333333
Fall25,math 2202,86,78.24657895,NA,100
Fall25,math 2202,70,68.57050439,NA,97.33333333
Fall25,math 2202,88,83.79184211,NA,94
Fall25,math 2202,63,60.92904386,NA,86.33333333
Fall25,math 2202,108,100,NA,100
Fall25,math 2202,56,57.0631579,NA,99
Fall25,math 2202,0,39.456,NA,83
Fall25,math 2202,81,82.38705263,NA,99
Fall25,math 2202,80,88.765,NA,99
Fall25,math 2202,92,92.92763158,NA,100
Fall25,math 2202,83,79.90177632,NA,95
Fall25,math 2202,108,90.90728947,NA,100
Fall25,math 2202,62,66.62947368,NA,92
Fall25,math 2202,85,75.86468421,NA,60
Fall25,math 2202,85,77.83428947,NA,100
Fall25,math 2202,80,82.9334386,NA,99.33333333
Fall25,math 2202,86,82.05,NA,93
Fall25,math 2202,66,54.68657895,NA,88
Fall25,math 2202,46,65.03385965,NA,99.33333333
Fall25,math 2202,76,82.88827632,NA,100
Fall25,math 2202,0,48.34605263,NA,92
Fall25,math 2202,0,34.3385,NA,72
Fall25,math 2202,87,88.54526316,NA,99
Fall25,math 2202,97,64.24578947,NA,98
Fall25,math 2202,82,70.10352632,NA,58
Fall25,math 2202,87,82.39375,NA,99
Fall25,math 2202,65,67.70552632,NA,100
Fall25,math 2202,101,94.525,NA,100
Fall25,math 2202,0,36.425,NA,77
Fall25,math 2202,61,72.82394737,NA,99
Fall25,math 2202,59,70.2946579,NA,86
Fall25,math 2202,92,85.20886842,NA,100
Fall25,math 2202,74,76.35928947,NA,84
Fall25,math 2202,94,88.1,NA,100
Fall25,math 2202,43,63.36598684,NA,90
Fall25,math 2202,34,53.15461842,NA,79
Fall25,math 2202,106,100,NA,100
Fall25,math 2202,47,65.53701316,NA,85
Fall25,math 2202,71,81.025,NA,99
Fall25,math 2202,84,83.89184211,NA,100
Fall25,math 2202,104,97.40842105,NA,100
Fall25,math 2202,78,72.32131579,NA,94
Fall25,math 2202,97,90.15,NA,100
Fall25,math 2202,51,58.25582895,NA,82
Fall25,math 2202,32,49.56144737,NA,83
Fall25,math 2202,61,70.56394737,NA,92
Fall25,math 2202,9,50.82814474,NA,85
Fall25,math 2202,66,67.57382895,NA,56
Fall25,math 2202,16,57.18447368,NA,89
Fall25,math 2202,87,88.87405263,NA,98
Fall25,math 2202,99,76.82394737,NA,81
Fall25,math 2202,84,86.825,NA,96
Fall25,math 2202,94,92.45,NA,100
Fall25,math 2202,72,72.64303947,NA,100
Fall25,math 2202,77,89.14447368,NA,100
Fall25,math 2202,82,75.53213158,NA,92
Fall25,math 2202,71,74.3,NA,97
Fall25,math 2202,66,78.02394737,NA,98
Fall25,math 2202,89,87.20710526,NA,100
Fall25,math 2202,93,87.71836257,NA,98.88888889
Fall25,math 2202,107,97.69453947,NA,100
Fall25,math 2202,99,96.2394079,NA,100
Fall25,math 2202,103,95.59394737,NA,100
Fall25,math 2202,49,66.41210526,NA,100
Fall25,math 2202,96,91.86301316,NA,100
Fall25,math 2202,99,90.45,NA,99
Fall25,math 2202,89,91.36743421,NA,100
Fall25,math 2202,100,98.485,NA,100
Fall25,math 2202,35,52.35928947,NA,69
Fall25,math 2202,103,93.85,NA,100
Fall25,math 2202,77,80.35293421,NA,96
Fall25,math 2202,103,100,NA,100
Spring26,chem 3361,NA,NA,B,80
Spring26,chem 3361,NA,NA,D,95
Spring26,chem 3361,NA,NA,B,80
Spring26,chem 3361,NA,NA,C,100
Spring26,chem 3361,NA,NA,B,80
Spring26,chem 3361,NA,NA,B,80
Spring26,chem 3361,NA,NA,B,80
Spring26,chem 3361,NA,NA,A,95
Spring26,chem 3361,NA,NA,A,100
Spring26,chem 3361,NA,NA,A,95
Spring26,chem 3361,NA,NA,B,95
Spring26,chem 3361,NA,NA,C,0
Spring26,chem 3361,NA,NA,C,0
Spring26,chem 3361,NA,NA,A,95
Spring26,chem 3361,NA,NA,C,65
Spring26,chem 3361,NA,NA,C,50
Spring26,chem 3361,NA,NA,A,80
Spring26,chem 3361,NA,NA,B,95
Spring26,chem 3361,NA,NA,B,65
Spring26,chem 3361,NA,NA,A,95
Spring26,chem 3361,NA,NA,C,50
Spring26,chem 3361,NA,NA,B,65
Spring26,chem 3361,NA,NA,B,80
Spring26,chem 3361,NA,NA,B,80
Spring26,chem 3361,NA,NA,B,80
Spring26,chem 3361,NA,NA,A,100
Spring26,chem 3361,NA,NA,C,80
Spring26,chem 3361,NA,NA,C,80
Spring26,chem 3361,NA,NA,D,50
Spring26,chem 3361,NA,NA,A,65
Spring26,chem 3361,NA,NA,C,80
Spring26,chem 3361,NA,NA,A,95
Spring26,chem 3361,NA,NA,D,80
Spring26,chem 3361,NA,NA,B,65
Spring26,chem 3361,NA,NA,A,0
Spring26,chem 3361,NA,NA,A,80
Spring26,chem 3361,NA,NA,A,95
Spring26,chem 3361,NA,NA,A,95
Spring26,chem 3361,NA,NA,B,80
Spring26,chem 3361,NA,NA,C,80
Spring26,chem 3361,NA,NA,C,95
Spring26,chem 3361,NA,NA,A,80
Spring26,chem 3361,NA,NA,C,95
Spring26,chem 3361,NA,NA,F,65
Spring26,chem 3361,NA,NA,A,95
Spring26,chem 3361,NA,NA,B,80
Spring26,chem 3361,NA,NA,C,80
Spring26,chem 3361,NA,NA,A,65
Spring26,chem 3361,NA,NA,D,80
Spring26,chem 3361,NA,NA,C,80
Spring26,chem 3361,NA,NA,C,80
Spring26,chem 3361,NA,NA,C,100
Spring26,chem 3361,NA,NA,A,50
Spring26,chem 3361,NA,NA,C,95
Spring26,chem 3361,NA,NA,B,100
Spring26,chem 3361,NA,NA,A,80
Spring26,chem 3361,NA,NA,C,95
Spring26,chem 3361,NA,NA,D,0
Spring26,chem 3361,NA,NA,B,95
Spring26,chem 3361,NA,NA,A,95
Spring24,chem 1211,0,7.81,W,31
Spring24,chem 1211,0,8.13,F,7
Spring24,chem 1211,0,11.41,W,13
Spring24,chem 1211,0,18.12,D,100
Spring24,chem 1211,0,27.08,F,81
Spring24,chem 1211,0,38.79,F,63
Spring24,chem 1211,28.33,46.43,F,63
Spring24,chem 1211,33.33,50.43,F,94
Spring24,chem 1211,55,57.45,F,20
Spring24,chem 1211,33.33,58.08,F,100
Spring24,chem 1211,36.67,59.8,D,100
Spring24,chem 1211,40,61.29,D,94
Spring24,chem 1211,46.67,62.08,D,88
Spring24,chem 1211,36.67,62.31,D,100
Spring24,chem 1211,50,62.76,D,67
Spring24,chem 1211,33.33,63.83,D,100
Spring24,chem 1211,41.67,64.57,D,100
Spring24,chem 1211,48.33,65.04,D,88
Spring24,chem 1211,28.33,65.34,D,100
Spring24,chem 1211,43.33,66.54,D,100
Spring24,chem 1211,48.33,67.07,D,85
Spring24,chem 1211,36.67,67.44,D,100
Spring24,chem 1211,43.33,68.41,D,88
Spring24,chem 1211,46.67,69.24,C,88
Spring24,chem 1211,45,69.48,C,94
Spring24,chem 1211,65,69.5,C,88
Spring24,chem 1211,45,70.54,C,100
Spring24,chem 1211,43.33,71.14,C,69
Spring24,chem 1211,38.33,72.34,C,100
Spring24,chem 1211,50,74.11,C,100
Spring24,chem 1211,46.67,74.22,C,100
Spring24,chem 1211,61.67,74.73,C,88
Spring24,chem 1211,46.67,76.33,C,100
Spring24,chem 1211,53.33,77.81,C,100
Spring24,chem 1211,50,78.13,C,100
Spring24,chem 1211,51.67,78.57,C,100
Spring24,chem 1211,60,78.63,C,100
Spring24,chem 1211,65,79.99,B,88
Spring24,chem 1211,60,80.6,B,88
Spring24,chem 1211,61.67,80.66,B,100
Spring24,chem 1211,66.67,81.35,B,75
Spring24,chem 1211,68.33,81.77,B,100
Spring24,chem 1211,61.67,81.99,B,81
Spring24,chem 1211,63.33,82.11,B,63
Spring24,chem 1211,60,82.32,B,100
Spring24,chem 1211,63.33,82.49,B,94
Spring24,chem 1211,76.67,82.83,B,87
Spring24,chem 1211,75,83.26,B,100
Spring24,chem 1211,68.33,84.48,B,93
Spring24,chem 1211,63.33,84.84,B,100
Spring24,chem 1211,75,85.05,B,100
Spring24,chem 1211,66.67,85.68,B,100
Spring24,chem 1211,61.67,86.2,B,100
Spring24,chem 1211,70,87.06,B,88
Spring24,chem 1211,76.67,88.44,B,88
Spring24,chem 1211,80,89.31,A,100
Spring24,chem 1211,71.67,89.95,A,100
Spring24,chem 1211,83.33,92.05,A,100
Spring24,chem 1211,81.67,92.9,A,100
Spring24,chem 1211,73.33,93.89,A,100
Spring24,chem 1211,85,95.24,A,100
Spring24,chem 1211,86.67,96.12,A,100
Spring24,chem 1211,93.33,96.37,A,56
Spring24,chem 1211,88.33,97.2,A,100
Spring24,chem 1211,91.67,98.02,A,100
Spring24,chem 1211,95,100.11,A,100
Spring25,chem 1211,NA,102.67,A,100
Spring25,chem 1211,NA,102.33,A,100
Spring25,chem 1211,NA,102.00,A,100
Spring25,chem 1211,NA,100.33,A,100
Spring25,chem 1211,NA,92.93,A,100
Spring25,chem 1211,NA,92.91,A,100
Spring25,chem 1211,NA,91.63,A,100
Spring25,chem 1211,NA,90.32,A,100
Spring25,chem 1211,NA,90.30,A,100
Spring25,chem 1211,NA,87.42,B,100
Spring25,chem 1211,NA,86.73,B,100
Spring25,chem 1211,NA,86.50,B,100
Spring25,chem 1211,NA,86.33,B,100
Spring25,chem 1211,NA,85.80,B,100
Spring25,chem 1211,NA,84.14,B,100
Spring25,chem 1211,NA,83.50,B,100
Spring25,chem 1211,NA,83.40,B,100
Spring25,chem 1211,NA,80.39,B,100
Spring25,chem 1211,NA,80.18,B,100
Spring25,chem 1211,NA,80.07,B,100
Spring25,chem 1211,NA,77.41,C,100
Spring25,chem 1211,NA,77.17,C,100
Spring25,chem 1211,NA,74.34,C,100
Spring25,chem 1211,NA,73.39,C,100
Spring25,chem 1211,NA,72.29,C,100
Spring25,chem 1211,NA,70.96,C,100
Spring25,chem 1211,NA,67.74,C,100
Spring25,chem 1211,NA,65.68,D,100
Spring25,chem 1211,NA,61.70,D,100
Spring25,chem 1211,NA,58.49,D,100
Spring25,chem 1211,NA,65.83,D,100
Spring25,chem 1211,NA,79.91,B,99
Spring25,chem 1211,NA,102.50,A,96
Spring25,chem 1211,NA,100.11,A,96
Spring25,chem 1211,NA,96.69,A,96
Spring25,chem 1211,NA,96.57,A,96
Spring25,chem 1211,NA,94.51,A,96
Spring25,chem 1211,NA,93.30,A,96
Spring25,chem 1211,NA,91.93,A,96
Spring25,chem 1211,NA,91.74,A,96
Spring25,chem 1211,NA,89.26,A,96
Spring25,chem 1211,NA,87.62,B,96
Spring25,chem 1211,NA,87.35,B,96
Spring25,chem 1211,NA,85.54,B,96
Spring25,chem 1211,NA,83.89,B,96
Spring25,chem 1211,NA,80.33,B,96
Spring25,chem 1211,NA,80.31,B,96
Spring25,chem 1211,NA,78.23,C,96
Spring25,chem 1211,NA,77.69,C,96
Spring25,chem 1211,NA,77.60,C,96
Spring25,chem 1211,NA,77.02,C,96
Spring25,chem 1211,NA,76.75,C,96
Spring25,chem 1211,NA,73.30,C,96
Spring25,chem 1211,NA,66.14,D,96
Spring25,chem 1211,NA,57.40,F,96
Spring25,chem 1211,NA,46.83,F,96
Spring25,chem 1211,NA,45.75,F,96
Spring25,chem 1211,NA,100.08,A,91
Spring25,chem 1211,NA,92.76,A,91
Spring25,chem 1211,NA,92.12,A,91
Spring25,chem 1211,NA,91.29,A,91
Spring25,chem 1211,NA,89.50,A,91
Spring25,chem 1211,NA,86.89,B,91
Spring25,chem 1211,NA,83.42,B,91
Spring25,chem 1211,NA,77.56,C,91
Spring25,chem 1211,NA,76.10,C,91
Spring25,chem 1211,NA,74.39,C,91
Spring25,chem 1211,NA,73.31,C,91
Spring25,chem 1211,NA,73.26,C,91
Spring25,chem 1211,NA,64.96,D,91
Spring25,chem 1211,NA,64.70,D,91
Spring25,chem 1211,NA,63.53,D,91
Spring25,chem 1211,NA,100.00,A,87
Spring25,chem 1211,NA,98.50,A,87
Spring25,chem 1211,NA,91.88,A,87
Spring25,chem 1211,NA,88.95,B,87
Spring25,chem 1211,NA,83.17,B,87
Spring25,chem 1211,NA,82.15,B,87
Spring25,chem 1211,NA,81.13,B,87
Spring25,chem 1211,NA,77.52,C,87
Spring25,chem 1211,NA,77.36,C,87
Spring25,chem 1211,NA,75.58,C,87
Spring25,chem 1211,NA,73.30,C,87
Spring25,chem 1211,NA,72.39,C,87
Spring25,chem 1211,NA,70.55,C,87
Spring25,chem 1211,NA,62.46,D,87
Spring25,chem 1211,NA,62.33,D,87
Spring25,chem 1211,NA,96.63,A,83
Spring25,chem 1211,NA,96.35,A,83
Spring25,chem 1211,NA,89.68,A,83
Spring25,chem 1211,NA,86.04,B,83
Spring25,chem 1211,NA,81.68,B,83
Spring25,chem 1211,NA,77.56,C,83
Spring25,chem 1211,NA,77.37,C,83
Spring25,chem 1211,NA,73.13,C,83
Spring25,chem 1211,NA,71.81,C,83
Spring25,chem 1211,NA,70.65,C,83
Spring25,chem 1211,NA,63.03,D,83
Spring25,chem 1211,NA,62.81,D,83
Spring25,chem 1211,NA,62.34,D,83
Spring25,chem 1211,NA,61.73,D,83
Spring25,chem 1211,NA,54.99,F,83
Spring25,chem 1211,NA,100.33,A,78
Spring25,chem 1211,NA,99.08,A,78
Spring25,chem 1211,NA,97.37,A,78
Spring25,chem 1211,NA,88.93,B,78
Spring25,chem 1211,NA,88.00,B,78
Spring25,chem 1211,NA,87.25,B,78
Spring25,chem 1211,NA,81.79,B,78
Spring25,chem 1211,NA,76.74,C,78
Spring25,chem 1211,NA,72.71,C,78
Spring25,chem 1211,NA,65.06,D,78
Spring25,chem 1211,NA,62.46,D,78
Spring25,chem 1211,NA,98.26,A,74
Spring25,chem 1211,NA,97.63,A,74
Spring25,chem 1211,NA,74.53,C,74
Spring25,chem 1211,NA,72.22,C,74
Spring25,chem 1211,NA,70.24,C,74
Spring25,chem 1211,NA,69.97,C,74
Spring25,chem 1211,NA,67.34,D,74
Spring25,chem 1211,NA,65.38,D,74
Spring25,chem 1211,NA,64.65,D,74
Spring25,chem 1211,NA,60.81,D,74
Spring25,chem 1211,NA,40.85,F,74
Spring25,chem 1211,NA,98.00,A,70
Spring25,chem 1211,NA,82.83,B,70
Spring25,chem 1211,NA,82.79,B,70
Spring25,chem 1211,NA,82.59,B,70
Spring25,chem 1211,NA,81.02,B,70
Spring25,chem 1211,NA,75.81,C,70
Spring25,chem 1211,NA,49.46,F,70
Spring25,chem 1211,NA,37.35,F,70
Spring25,chem 1211,NA,93.46,A,65
Spring25,chem 1211,NA,86.92,B,65
Spring25,chem 1211,NA,85.66,B,65
Spring25,chem 1211,NA,57.39,F,65
Spring25,chem 1211,NA,50.98,F,65
Spring25,chem 1211,NA,37.53,W,65
Spring25,chem 1211,NA,87.44,B,61
Spring25,chem 1211,NA,71.71,C,61
Spring25,chem 1211,NA,67.85,C,61
Spring25,chem 1211,NA,64.81,D,61
Spring25,chem 1211,NA,82.97,B,57
Spring25,chem 1211,NA,78.52,C,57
Spring25,chem 1211,NA,54.01,F,57
Spring25,chem 1211,NA,68.18,C,52
Spring25,chem 1211,NA,63.21,D,48
Spring25,chem 1211,NA,74.50,C,43
Spring25,chem 1211,NA,27.75,W,43
Spring25,chem 1211,NA,21.41,W,43
Spring25,chem 1211,NA,45.50,F,39
Spring25,chem 1211,NA,92.27,A,35
Spring25,chem 1211,NA,80.07,B,35
Spring25,chem 1211,NA,73.84,C,35
Spring25,chem 1211,NA,20.49,W,35
Spring25,chem 1211,NA,77.16,C,30
Spring25,chem 1211,NA,16.09,W,30
Spring25,chem 1211,NA,29.96,W,26
Spring25,chem 1211,NA,19.09,W,17
Spring25,chem 1211,NA,17.81,W,17
Spring25,chem 1211,NA,48.04,F,13
Spring25,chem 1211,NA,39.81,F,13
Spring26,biol 1107,0,NA,F,54
Spring26,biol 1107,88.64,NA,B,62
Spring26,biol 1107,88.89,NA,C,72
Spring26,biol 1107,86.67,NA,A,100
Spring26,biol 1107,82.22,NA,A,100
Spring26,biol 1107,86.67,NA,A,100
Spring26,biol 1107,77.53,NA,B,76
Spring26,biol 1107,81.98,NA,B,78
Spring26,biol 1107,86.67,NA,B,92
Spring26,biol 1107,0,NA,B,24
Spring26,biol 1107,0,NA,F,4
Spring26,biol 1107,92.59,NA,A,94
Spring26,biol 1107,82.22,NA,B,96
Spring26,biol 1107,84.44,NA,B,74
Spring26,biol 1107,83.95,NA,A,88
Spring26,biol 1107,77.78,NA,B,58
Spring26,biol 1107,76.64,NA,A,98
Spring26,biol 1107,75.31,NA,A,96
Spring26,biol 1107,82.22,NA,A,84
Spring26,biol 1107,84.44,NA,A,100
Spring26,biol 1107,91.11,NA,A,94
Spring26,biol 1107,84.4,NA,C,52
Spring26,biol 1107,86.17,NA,B,64
Spring26,biol 1107,0,NA,F,58
Spring26,biol 1107,79.75,NA,A,90
Spring26,biol 1107,86.42,NA,B,54
Spring26,biol 1107,80,NA,B,66
Spring26,biol 1107,95.56,NA,A,96
Spring26,biol 1107,84.2,NA,C,42
Spring26,biol 1107,0,NA,F,14
Spring26,biol 1107,91.11,NA,A,60
Spring26,biol 1107,77.53,NA,B,100
Spring26,biol 1107,84.44,NA,A,82
Spring26,biol 1107,91.11,NA,A,82
Spring26,biol 1107,88.89,NA,A,84
Spring26,biol 1107,91.11,NA,A,86
Spring26,biol 1107,76,NA,B,88
Spring26,biol 1107,86.67,NA,A,66
Spring26,biol 1107,88.89,NA,C,58
Spring26,biol 1107,88.89,NA,D,48
Spring26,biol 1107,88.89,NA,A,94
Spring26,biol 1107,86.05,NA,A,76
Spring26,biol 1107,88.89,NA,C,44
Spring26,biol 1107,93.33,NA,B,78
Spring26,biol 1107,97.53,NA,A,98
Spring26,biol 1107,95.56,NA,A,80
Spring26,biol 1107,93.33,NA,A,100
Spring26,biol 1107,86.17,NA,C,62
Spring26,biol 1107,93.33,NA,A,100
Spring26,biol 1107,64.44,NA,C,88
Spring26,biol 1107,95.56,NA,B,58
Spring26,biol 1107,95.06,NA,A,68
Spring26,biol 1107,93.33,NA,A,84
Spring26,biol 1107,91.11,NA,A,98
Spring26,biol 1107,77.53,NA,B,58
Spring26,biol 1107,80,NA,A,96
Spring26,biol 1107,84.44,NA,A,68
Spring26,biol 1107,95.56,NA,A,98
Spring26,biol 1107,88.89,NA,B,52
Spring26,biol 1107,83.95,NA,A,62
Spring26,biol 1107,82.96,NA,A,80
Spring26,biol 1107,84.89,NA,A,96
Spring26,biol 1107,93.33,NA,B,34
Spring26,biol 1107,93.09,NA,A,70
Spring26,biol 1107,95.56,NA,C,58
Spring26,biol 1107,100,NA,A,82
Spring26,biol 1107,84.44,NA,B,84
Spring26,biol 1107,77.53,NA,A,80
Spring26,biol 1107,93.33,NA,B,24
Spring26,biol 1107,84.44,NA,A,100
Spring26,biol 1107,93.09,NA,B,84
Spring26,biol 1107,86.42,NA,A,96
Spring26,biol 1107,88.89,NA,F,44
Spring26,biol 1107,95.31,NA,A,100
Spring26,biol 1107,84.07,NA,F,40
Spring26,biol 1107,0,NA,D,28
Spring26,biol 1107,86.67,NA,C,68
Spring26,biol 1107,91.11,NA,B,26
Spring26,biol 1107,93.33,NA,A,94
Spring26,biol 1107,88.89,NA,A,96
Spring26,biol 1107,82.22,NA,B,86
Spring26,biol 1107,88.64,NA,B,30
Spring26,biol 1107,93.33,NA,B,54
Spring26,biol 1107,86.67,NA,B,94
Spring26,biol 1107,88.89,NA,B,26
Spring26,biol 1107,93.33,NA,A,80
Spring26,biol 1107,91.11,NA,B,88
Spring26,biol 1107,75.56,NA,D,58
Spring26,biol 1107,79.56,NA,B,52
Spring26,biol 1107,73.33,NA,A,100
Spring26,biol 1107,91.11,NA,A,96
Spring26,biol 1107,84.44,NA,A,70
Spring26,biol 1107,88.89,NA,C,64
Spring26,biol 1107,80,NA,A,100
Spring26,biol 1107,99.75,NA,A,74
Spring26,biol 1107,97.53,NA,A,96
Spring26,biol 1107,88.52,NA,A,96
Spring26,biol 1107,86.42,NA,A,88
Spring26,biol 1107,91.11,NA,B,70
Spring26,biol 1107,75.56,NA,A,94
Spring26,biol 1107,84.44,NA,A,100
Spring26,biol 1107,84.44,NA,B,94
Spring26,biol 1107,86.67,NA,A,100
Spring26,biol 1107,95.56,NA,A,96
Spring26,biol 1107,86.67,NA,B,86
Spring26,biol 1107,93.09,NA,B,44
Spring26,biol 1107,91.11,NA,B,66
Spring26,biol 1107,92.84,NA,A,94
Spring26,biol 1107,81.98,NA,C,20
Spring26,biol 1107,81.98,NA,B,18
Spring26,biol 1107,86.42,NA,D,62
Spring26,biol 1107,90.86,NA,A,100
Spring26,biol 1107,81.73,NA,A,100
Spring26,biol 1107,97.78,NA,B,38
Spring26,biol 1107,93.33,NA,A,100
Spring26,biol 1107,86.67,NA,B,82
Spring26,biol 1107,66.42,NA,C,68
Spring26,biol 1107,90.86,NA,A,96
Spring26,biol 1107,93.09,NA,A,87.6
Spring26,biol 1107,97.53,NA,A,100
Spring26,biol 1107,88.89,NA,A,100
Spring26,biol 1107,88.89,NA,A,88
Spring26,biol 1107,95.56,NA,A,100
Spring26,biol 1107,93.33,NA,B,76
Spring26,biol 1107,93.33,NA,B,34
Spring26,biol 1107,86.67,NA,A,100
Spring26,biol 1107,84.2,NA,C,70
Spring26,biol 1107,91.11,NA,A,100
Spring26,biol 1107,80,NA,A,100
Spring26,biol 1107,84.2,NA,D,58
Spring26,biol 1107,74.86,NA,B,98
Spring26,biol 1107,95.56,NA,A,90
Spring26,biol 1107,65.43,NA,A,98
Spring26,biol 1107,88.89,NA,B,74
Spring26,biol 3300,NA,73.95478669,C,50
Spring26,biol 3300,NA,88.20656993,B,100
Spring26,biol 3300,NA,65.25362667,D,50
Spring26,biol 3300,NA,61.14313652,D,65
Spring26,biol 3300,NA,70.99195997,C,75
Spring26,biol 3300,NA,62.23592855,D,85
Spring26,biol 3300,NA,74.44335287,C,65
Spring26,biol 3300,NA,86.89214448,B,95
Spring26,biol 3300,NA,65.09031876,D,80
Spring26,biol 3300,NA,89.59011682,A,80
Spring26,biol 3300,NA,81.21561113,B,75
Spring26,biol 3300,NA,96.18419969,A,100
Spring26,biol 3300,NA,69.35621369,C,15
Spring26,biol 3300,NA,70.83657518,C,70
Spring26,biol 3300,NA,77.89643008,C,100
Spring26,biol 3300,NA,82.91875974,B,90
Spring26,biol 3300,NA,71.09588924,C,85
Spring26,biol 3300,NA,78.22879663,C,65
Spring26,biol 3300,NA,71.0073824,C,80
Spring26,biol 3300,NA,89.25693406,A,50
Spring26,biol 3300,NA,41.47665415,F,50
Spring26,biol 3300,NA,71.44759426,C,35
Spring26,biol 3300,NA,57.7626525,F,100
Spring26,biol 3300,NA,69.62692316,C,95
Spring26,biol 3300,NA,66.94807308,D,65
Spring26,biol 3300,NA,67.37487818,D,65
Spring26,biol 3300,NA,69.74678567,C,80
Spring26,biol 3300,NA,58.97666521,D,85
Spring26,biol 3300,NA,88.6180181,A,75
Spring26,biol 3300,NA,69.29213069,C,10
Spring26,biol 3300,NA,77.59973578,C,65
Spring26,biol 3300,NA,80.57872865,B,30
Spring26,biol 3300,NA,66.49367407,D,45
Spring26,biol 3300,NA,46.50894062,F,10
Spring26,biol 3300,NA,76.59527324,C,75
Spring26,biol 3300,NA,59.6314689,D,75
Spring26,biol 3300,NA,78.63430843,B,100
Spring26,biol 3300,NA,77.34183061,C,100
Spring26,biol 3300,NA,68.81733258,C,20
Spring26,biol 3300,NA,78.45551683,B,65
Spring26,biol 3300,NA,82.60957447,B,85
Spring26,biol 3300,NA,87.86999579,B,100
Spring26,biol 3300,NA,49.15654899,F,0
Spring26,biol 3300,NA,88.65394602,A,85
Spring26,biol 3300,NA,81.56425182,B,5
Spring26,biol 3300,NA,60.3682138,D,20
Spring26,biol 3300,NA,58.0476024,F,75
Spring26,biol 3300,NA,69.24024199,C,65
Spring26,biol 3300,NA,79.68905862,B,35
Spring26,biol 3300,NA,99.30729167,A,100
Spring26,biol 3300,NA,78.55208231,B,50
Spring26,biol 3300,NA,22.86099629,F,25
Spring26,biol 3300,NA,73.2771225,C,90
Spring26,biol 3300,NA,69.15431169,C,90
Spring26,biol 3300,NA,69.44173094,C,50
Spring26,biol 3300,NA,100,A,95
Spring26,biol 3300,NA,86.55694643,B,75
Spring26,biol 3300,NA,92.1392149,A,95
Spring26,biol 3300,NA,80.05601808,B,45
Spring26,biol 3300,NA,80.80548083,B,90
Spring26,biol 3300,NA,81.13583283,B,80
Spring26,biol 3300,NA,77.53883343,C,30
Spring26,biol 3300,NA,77.57081159,C,15
Spring26,biol 3300,NA,64.49397716,D,80
Spring26,biol 3300,NA,80.28570141,B,95
Spring26,biol 3300,NA,79.04816291,B,100
Spring26,biol 3300,NA,85.48344679,B,60
Spring26,biol 3300,NA,16.9107906,F,35
Spring26,biol 3300,NA,92.50265618,A,100
Spring26,biol 3300,NA,70.53316887,C,85
Spring26,biol 3300,NA,82.30463161,B,70
Spring26,biol 3300,NA,89.79633345,A,100
Spring26,biol 3300,NA,87.14783654,B,100
Spring26,biol 3300,NA,92.914445,A,90
Spring26,biol 3300,NA,86.38097597,B,90
Spring26,biol 3300,NA,75.68365341,C,80
Spring26,biol 3300,NA,78.19440121,C,60
Spring26,biol 3300,NA,79.17144072,B,100
Spring26,biol 3300,NA,71.76929158,C,70
Spring26,biol 3300,NA,72.90080759,C,95
Spring26,biol 3300,NA,89.25575902,A,70
Spring26,biol 3300,NA,95.0554396,A,70
Spring26,biol 3300,NA,77.52739257,C,70
Spring26,biol 3300,NA,93.3340609,A,75
Spring26,biol 3300,NA,73.63492038,C,75
Spring26,biol 3300,NA,64.33363973,D,80
Spring26,biol 3300,NA,59.01113804,D,65
Spring26,biol 3300,NA,66.09907056,D,40
Spring26,biol 3300,NA,60.96005571,D,20
Spring26,biol 3300,NA,84.16994357,B,65
Spring26,biol 3300,NA,79.72855539,B,75
Spring26,biol 3300,NA,83.32777852,B,90
Spring26,biol 3300,NA,77.58576698,C,90
Spring26,biol 3300,NA,80.78186863,B,85
Spring26,biol 3300,NA,61.04898078,D,90
Spring26,biol 3300,NA,80.54710061,B,75
Spring26,biol 3300,NA,64.92219935,D,50
Spring26,biol 3300,NA,93.52540591,A,75
Spring26,biol 3300,NA,93.89573845,A,100
Spring26,biol 3300,NA,97.69407895,A,75
Spring26,biol 3300,NA,88.59671627,A,75
Spring26,biol 3300,NA,64.58947927,D,30
Spring26,biol 3300,NA,65.59459461,D,40
Spring26,biol 3300,NA,83.77765728,B,80
Spring26,biol 3300,NA,56.43083485,F,45
